-- phpMyAdmin SQL Dump
-- version 4.1.14
-- http://www.phpmyadmin.net
--
-- Host: 127.0.0.1
-- Generation Time: Oct 12, 2015 at 08:15 AM
-- Server version: 5.5.38-MariaDB
-- PHP Version: 5.5.12

SET SQL_MODE = "NO_AUTO_VALUE_ON_ZERO";
SET time_zone = "+00:00";


/*!40101 SET @OLD_CHARACTER_SET_CLIENT=@@CHARACTER_SET_CLIENT */;
/*!40101 SET @OLD_CHARACTER_SET_RESULTS=@@CHARACTER_SET_RESULTS */;
/*!40101 SET @OLD_COLLATION_CONNECTION=@@COLLATION_CONNECTION */;
/*!40101 SET NAMES utf8 */;

--
-- Database: `mdevices_a`
--

-- --------------------------------------------------------

--
-- Table structure for table `cartridge`
--

CREATE TABLE IF NOT EXISTS `cartridge` (
  `cartridge_id` int(3) NOT NULL AUTO_INCREMENT,
  `cartridge_name` varchar(50) NOT NULL,
  `category_id` int(5) NOT NULL,
  `purchase_date` date NOT NULL,
  `price` int(10) NOT NULL,
  `amount` int(3) NOT NULL,
  `store_id` int(3) NOT NULL,
  PRIMARY KEY (`cartridge_id`),
  KEY `cartridge_id` (`cartridge_id`),
  KEY `cartridge_id_2` (`cartridge_id`)
) ENGINE=InnoDB  DEFAULT CHARSET=utf8 AUTO_INCREMENT=7 ;

--
-- Dumping data for table `cartridge`
--

INSERT INTO `cartridge` (`cartridge_id`, `cartridge_name`, `category_id`, `purchase_date`, `price`, `amount`, `store_id`) VALUES
(1, 'Toner12X', 6, '2015-06-12', 2400, 6, 1),
(2, 'Toner12A', 6, '0000-00-00', 2400, 6, 1),
(3, 'Toner35A', 6, '0000-00-00', 2300, 3, 1),
(4, 'Toner85A', 6, '0000-00-00', 2300, 6, 1),
(5, 'Toner12A', 6, '0000-00-00', 2400, 5, 1),
(6, 'Toner15A', 6, '0000-00-00', 2400, 2, 1);

-- --------------------------------------------------------

--
-- Table structure for table `categories`
--

CREATE TABLE IF NOT EXISTS `categories` (
  `category_id` int(5) NOT NULL AUTO_INCREMENT COMMENT 'รหัสประเภท',
  `category_name` varchar(50) NOT NULL COMMENT 'ชื่อประเภทอุปกรณ์',
  PRIMARY KEY (`category_id`),
  KEY `category_id` (`category_id`)
) ENGINE=InnoDB  DEFAULT CHARSET=utf8 COMMENT='ประเภท' AUTO_INCREMENT=12 ;

--
-- Dumping data for table `categories`
--

INSERT INTO `categories` (`category_id`, `category_name`) VALUES
(1, 'PC'),
(2, 'Notebook'),
(3, 'PrinterLaserjet'),
(4, 'PrinterInkjet'),
(5, 'เครื่องสำรองไฟ'),
(6, 'ตลับหมึก(Laserjet)'),
(7, 'ตลับหมึก(Inkjet)'),
(8, 'หมึกแบบเติม'),
(9, 'จอมอนิเตอร์LCD'),
(10, 'Printer Termal'),
(11, 'Hardware(อะไหล่)');

-- --------------------------------------------------------

--
-- Table structure for table `departments`
--

CREATE TABLE IF NOT EXISTS `departments` (
  `dep_id` int(3) unsigned zerofill NOT NULL AUTO_INCREMENT COMMENT 'รหัส',
  `dep_name` varchar(100) NOT NULL COMMENT 'ชื่อหน่วยงาน',
  PRIMARY KEY (`dep_id`),
  KEY `dep_id` (`dep_id`),
  KEY `dep_id_2` (`dep_id`)
) ENGINE=InnoDB  DEFAULT CHARSET=utf8 COMMENT='แผนก' AUTO_INCREMENT=28 ;

--
-- Dumping data for table `departments`
--

INSERT INTO `departments` (`dep_id`, `dep_name`) VALUES
(001, 'OPD'),
(002, 'ER'),
(003, 'เภสัชกรรม'),
(004, 'บริหารงานทั่วไป'),
(005, 'งานเวชระเบียน'),
(006, 'ห้องคลอด'),
(007, 'กลุ่มการพยาบาล'),
(008, 'คลินิกพิเศษ'),
(009, 'งานไต'),
(010, 'งานx-ray'),
(011, 'เทคนิคการแพทย์'),
(012, 'งานทันตกรรม'),
(013, 'งานผู้ป่วยในชาย'),
(014, 'งานผู้ป่วยในหญิง'),
(015, 'หน่วยจ่ายกลาง'),
(016, 'งานเวชปฏิบัติ'),
(017, 'PCU'),
(018, 'งานแพทย์แผนไทย'),
(019, 'สิทธิบัตร'),
(020, 'งานวัณโรค'),
(021, 'งานยาเสพติด'),
(022, 'งานให้คำปรึกษา'),
(023, 'ตรวจสุขภาพVIP'),
(024, 'ห้องกอบสุข'),
(025, 'ศูนย์คอมพิวเตอร์'),
(026, 'โสตทัศนศึกษา'),
(027, 'กายภาพบำบัด');

-- --------------------------------------------------------

--
-- Table structure for table `devices`
--

CREATE TABLE IF NOT EXISTS `devices` (
  `device_id` int(5) NOT NULL AUTO_INCREMENT COMMENT 'รหัสอุปกรณ์',
  `device_serial` varchar(20) NOT NULL COMMENT 'หมายเลขครุภัณฑ์',
  `device_name` varchar(50) NOT NULL COMMENT 'ชื่ออุุปกรณ์',
  `category_id` int(5) NOT NULL COMMENT 'รหัสประเภทอุปกรณ์',
  `dep_id` int(3) NOT NULL COMMENT 'รหัสแผนก',
  `spec` varchar(254) NOT NULL COMMENT 'รุ่น ยี่ห้อ',
  `purchase_date` date NOT NULL COMMENT 'วันที่ซื้อ',
  `due_date` date NOT NULL COMMENT 'วันครบกำหนด',
  `price` int(10) NOT NULL COMMENT 'ราคา',
  `sale_date` date DEFAULT NULL COMMENT 'วันจำหน่าย',
  `orther` varchar(254) DEFAULT NULL COMMENT 'หมายเหตุ',
  PRIMARY KEY (`device_id`)
) ENGINE=InnoDB  DEFAULT CHARSET=utf8 AUTO_INCREMENT=501 ;

--
-- Dumping data for table `devices`
--

INSERT INTO `devices` (`device_id`, `device_serial`, `device_name`, `category_id`, `dep_id`, `spec`, `purchase_date`, `due_date`, `price`, `sale_date`, `orther`) VALUES
(1, 'ms7440-001-0007/194', 'ห้องตรวจ1', 1, 1, ' pentium D3.0 GHz(HP)', '2008-04-17', '2014-12-31', 17000, '2013-05-27', 'ชำรุด'),
(2, 'ms7440-001-0007/130', ' phram4', 1, 3, 'Intel pentium4 2.60 GHz', '2006-03-15', '2011-10-13', 17000, '2013-05-28', 'ครบกำหนด'),
(3, 'ms7440-001-0007/195', 'ห้องตรวจ2', 1, 1, ' pentium D3.0 GHz(HP)', '2008-04-17', '2014-12-31', 17000, '2013-09-04', 'ชำรุด'),
(4, 'ms7440-001-0007/197', 'DRG2(พี่แต)', 1, 5, ' pentium D3.0 GHz(HP)', '2008-04-17', '2014-12-31', 17000, '2013-11-18', 'ขำรุด'),
(5, 'ms7440-001-0007/103', 'SAMBA', 1, 25, 'Inte Xeon 2.8GHz', '2005-06-08', '2011-06-07', 77468, '0000-00-00', '-'),
(6, 'ms7440-001-0007/178', 'SAMBA2', 1, 25, 'System x3200', '2005-06-09', '2007-12-17', 39500, '0000-00-00', ''),
(7, 'ms7440-001-0007/131', ' phram5', 1, 3, 'Intel pentium4 2.60 GHz', '2006-03-15', '2011-10-13', 17000, '2014-09-05', 'ครบกำหนด5ปี'),
(8, 'ms 7440-001-0007/149', 'lab3', 1, 11, 'Intel pentium4 2.60 GHz', '2006-03-29', '2011-10-27', 17000, '0000-00-00', '-'),
(9, 'ms7440-001-0007/161', 'PCU2', 1, 17, ' pentium D3.0 GHz(HP)', '2007-06-25', '2012-10-23', 17000, '2014-09-05', 'ครบกำหนด5ปี'),
(10, 'ms7440-001-0007/162', 'Pharm1', 1, 3, ' pentium D3.0 GHz(HP)', '2007-06-25', '2012-10-24', 17000, '0000-00-00', '-'),
(11, 'ms7440-001-0007/163', 'บริหาร(ห้องเก็บเงิน)', 1, 4, ' pentium D3.0 GHz', '2007-06-25', '2012-10-25', 17000, '2014-09-05', 'ครบกำหนด5ปี'),
(12, 'ms7440-001-0007/164', 'DRG1', 1, 3, ' pentium D3.0 GHz(HP)', '2007-06-25', '2012-10-26', 17000, '2014-09-05', 'ครบกำหนด5ปี'),
(13, 'ms7440-001-0007/165', 'Director1(ประชมเวช)', 1, 16, ' pentium D3.0 GHz(HP)', '2007-06-25', '2012-10-27', 17000, '0000-00-00', 'ครบกำหนด5ปี'),
(14, 'ms7440-001-0007/166', 'LR2', 1, 6, ' pentium D3.0 GHz(HP)', '2007-06-25', '2012-10-28', 17000, '0000-00-00', 'ครบกำหนด5ปี'),
(15, 'ms7440-001-0007/170', 'บริหาร(Finance2)ตุ่น', 1, 4, ' pentium D3.0 GHz(HP)', '2007-08-16', '2012-10-29', 17000, '2014-09-05', 'ครบกำหนด5ปี'),
(16, 'ms7440-001-0007/171', 'Ha5(เวชปฏิบัติ)', 1, 16, ' pentium D3.0 GHz(HP)', '2007-08-16', '2012-10-30', 17000, '2014-09-05', 'เพิ่มในแผน'),
(17, 'ms7440-001-0007/173', 'Manage4(พัสดุ)', 1, 4, ' pentium D3.0 GHz(HP)', '2007-08-16', '2012-10-31', 17000, '0000-00-00', 'ครบกำหนด5ปี'),
(18, 'ms7440-001-0007/176', 'LR3', 1, 6, ' pentium D3.0 GHz(HP)', '2007-11-29', '2012-11-01', 17000, '2014-09-05', 'ครบกำหนด5ปี'),
(19, 'ms7440-001-0007/188', 'ห้องตรวจClinic', 1, 8, '(HP)RAM DDR2_1GB', '2008-01-21', '2012-11-01', 17000, '0000-00-00', 'ครบกำหนด5ปี'),
(20, 'ms7440-001-0007/192', 'คลังยาล่าง', 1, 3, ' pentium D3.0 GHz(HP)', '2008-04-17', '2014-12-31', 17000, '0000-00-00', '-'),
(21, 'ms7440-001-0007/193', 'ธนภร', 1, 2, ' pentium D3.0 GHz(HP)', '2008-04-17', '2014-12-31', 17000, '0000-00-00', '-'),
(22, 'ms7440-001-0007/196', 'ห้องตรวจ3', 1, 1, ' pentium D3.0 GHz(HP)', '2008-04-17', '2014-12-31', 17000, '0000-00-00', '-'),
(23, 'ms7440-001-0007/198', 'supply', 1, 15, ' pentium D3.0 GHz(HP)RAM DDR2_1GB,HDD250Gbytes,DVD-RW', '2008-04-17', '2014-12-31', 17000, '0000-00-00', ''),
(24, 'ms7440-001-0007/199', 'Clinic1', 1, 8, ' pentium D3.0 GHz(HP)RAM DDR2_1GB,HDD250Gbytes,DVD-RW', '2008-04-17', '2014-12-31', 17000, '0000-00-00', ''),
(25, 'ms7440-001-0007/200', 'แพทย์ทางเลือก', 1, 18, ' pentium D3.0 GHz(HP)RAM DDR2_1GB,HDD250Gbytes,DVD-RW', '2008-04-17', '2014-12-31', 17000, '0000-00-00', ''),
(26, 'ms7440-001-0007/201', 'HA4', 1, 16, ' pentium D3.0 GHz(HP)RAM DDR2_1GB,HDD250Gbytes,DVD-RW', '2008-04-17', '2014-12-31', 17000, '0000-00-00', ''),
(27, 'ms7440-001-0007/202', 'บริหาร(Finance1)ต้อย', 1, 4, ' pentium D3.0 GHz(HP)RAM DDR2_1GB,HDD250Gbytes,DVD-RW', '2008-04-17', '2014-12-31', 17000, '2013-05-01', '-'),
(28, 'ms7440-001-0007/203', 'Screen2(OPD)', 1, 1, ' pentium D3.0 GHz(HP)RAM DDR2_1GB,HDD250Gbytes,DVD-RW', '2008-04-17', '2014-12-31', 17000, '0000-00-00', '-'),
(29, 'ms7440-001-0007/204', 'กายภาพบำบัด', 1, 27, ' pentium D3.0 GHz(HP)RAM DDR2_1GB,HDD250Gbytes,DVD-RW', '2008-04-17', '2014-12-31', 17000, '0000-00-00', ''),
(30, 'ms7440-001-0007/205', 'ER4', 1, 2, ' pentium D3.0 GHz(HP)RAM DDR2_1GB,HDD250Gbytes,DVD-RW', '2008-04-17', '2014-12-31', 17000, '0000-00-00', ''),
(31, 'ms7440-001-0007/206', 'LAB4', 1, 11, ' pentium D3.0 GHz(HP)RAM DDR2_1GB,HDD250Gbytes,DVD-RW', '2008-05-25', '2014-12-31', 17000, '0000-00-00', ''),
(32, 'ms7440-001-0007/212', 'สิทธิบัตร3', 1, 19, 'pentium D3.0 GHz(HP)g37782l', '2009-06-10', '2015-06-13', 14999, '0000-00-00', ''),
(33, 'ms7440-001-0007/214', 'ให้คำปรึกษา', 1, 22, 'pentium D3.0 GHz(HP)g37782l', '2009-06-10', '2015-06-13', 14999, '0000-00-00', ''),
(34, 'ms7440-001-0007/220', 'ทันตกรรม(Dent)', 1, 12, 'pentium D3.0 GHz(CQ)3072l', '2009-08-21', '2015-08-20', 14900, '0000-00-00', 'ครบกำหนด5ปี'),
(35, 'ms7440-001-0007/223', 'x-ray', 1, 10, 'Intel Dual-Core2.66Ghz,DDR2(svoa)licences', '2009-01-01', '2015-01-01', 18000, '0000-00-00', 'ครบกำหนด5ปี'),
(36, 'ms7440-001-0007/224', 'ทันตกรรม(Dent2)', 1, 12, 'Intel Dual-Core2.66Ghz,DDR2(svoa)licences', '2009-01-01', '2015-01-01', 18000, '0000-00-00', 'ครบกำหนด5ปี'),
(37, 'ms7440-001-0007/225', 'ER2', 1, 2, 'Intel Dual-Core2.66Ghz,DDR2(svoa)licences', '2009-01-01', '2015-01-01', 18000, '0000-00-00', 'ขอซื้อใหม่'),
(38, 'ms7440-001-0007/226', 'Pharm3', 1, 3, 'Intel Dual-Core2.66Ghz,DDR2(svoa)licences', '2009-01-01', '2015-01-01', 18000, '0000-00-00', 'ขอซื้อใหม่'),
(39, 'ms7440-001-0007/227', 'PCU1', 1, 17, 'Intel Dual-Core2.66Ghz,DDR2(svoa)licences', '2009-01-01', '2015-01-01', 18000, '0000-00-00', 'ขอซื้อใหม่'),
(40, 'ms7440-001-0007/228', 'IT', 1, 25, 'Intel Dual-Core2.66Ghz,DDR2(svoa)licences', '2009-01-01', '2015-01-01', 18000, '0000-00-00', 'ขอซื้อใหม่'),
(41, 'ms7440-001-0007/229', 'ตรวจสุขภาพVIP', 1, 23, 'Intel Dual-Core2.66Ghz,DDR2(svoa)licences', '2009-01-01', '2015-01-01', 18000, '0000-00-00', 'ขอซื้อใหม่'),
(42, 'ms7440-001-0007/230', 'กลุ่มการพยาบาล', 1, 7, 'Intel Dual-Core2.66Ghz,DDR2(svoa)licences', '2009-01-01', '2015-01-01', 18000, '0000-00-00', 'ขอซื้อใหม่'),
(43, 'ms7440-001-0007/231', '', 1, 0, 'Intel Dual-Core2.66Ghz,DDR2(svoa)licences', '2009-01-01', '2015-01-01', 18000, '0000-00-00', 'ขอซื้อใหม่'),
(44, 'ms7440-001-0007/232', '', 1, 0, 'Intel Dual-Core2.66Ghz,DDR2(svoa)licences', '2009-01-01', '2015-01-01', 18000, '0000-00-00', 'ขอซื้อใหม่'),
(45, 'ms7440-001-0007/222', 'Wardหญิง2', 1, 14, 'pentium D3.0 GHz(CQ)3072l', '2009-09-01', '2015-10-01', 13000, '0000-00-00', 'ครบกำหนดในแผน5 ปี เฉพาะตัวCPU'),
(46, 'ms7440-001-0007/234', 'โสตทัศนศึกษา', 1, 26, 'pentium D3.0 GHz(CQ)3172l', '2009-11-11', '2015-11-11', 16890, '0000-00-00', 'ขอซื้อใหม่'),
(47, 'ms7440-001-0007/233', 'เวชสถิติ1', 1, 5, 'pentium D3.0 GHz(CQ)3172l', '2009-11-11', '2015-11-11', 16890, '0000-00-00', 'ครบกำหนดในแผน5 ปี'),
(48, 'ms7440-001-0007/236', 'โรงช่าง', 1, 4, 'pentium D3.0 GHz(CQ)3172l', '2009-12-21', '2015-12-21', 12000, '0000-00-00', 'ครบกำหนดในแผน5 ปี'),
(49, 'ms7440-001-0007/239', 'ธุรการ(อ้อ)', 1, 4, 'pentium D3.0 GHz(CQ)3182l', '2010-01-07', '2016-01-07', 18900, '0000-00-00', 'ครบกำหนดในแผน5 ปี เฉพาะตัวCPU'),
(50, 'ms7440-001-0007/243', 'คัดกรอง2(สมสุข)', 1, 1, 'pentium D3.0 GHz(CQ)3182l', '2010-01-16', '2016-01-15', 17500, '0000-00-00', 'ครบกำหนดในแผน5 ปี เฉพาะตัวCPU'),
(51, 'ms7440-001-0007/244', 'ผู้ป่วยใน3', 1, 14, 'pentium D3.0 GHz(CQ)3182l', '2010-01-16', '2016-01-15', 17500, '0000-00-00', 'ครบกำหนดในแผน5 ปี เฉพาะตัวCPU'),
(52, 'ms7440-001-0007/245', 'เวชปฎิบัติ2(HA2)', 1, 16, 'pentium D3.0 GHz(CQ)3182l', '2010-01-16', '2016-01-16', 13000, '0000-00-00', 'ขอซื้อใหม่'),
(53, 'ms7440-001-0007/246', 'ER1', 1, 1, 'pentium D3.0 GHz(CQ)3182l', '2010-01-16', '2016-01-16', 13000, '0000-00-00', 'ขอซื้อใหม่'),
(54, 'ms7440-001-0007/247', 'LR1', 1, 6, 'pentium D3.0 GHz(CQ)3182l', '2010-01-16', '2016-01-16', 13000, '0000-00-00', 'ขอซื้อใหม่'),
(55, 'ms7440-001-0007/251', 'ห้องล้างไต(CAPD)', 1, 9, 'pentium D3.0 GHz(CQ)3182l', '2010-02-15', '2016-02-15', 17000, '0000-00-00', 'ขอซื้อใหม่'),
(56, 'ms7440-001-0007/255', 'ทันตกรรม3(DENT3)', 1, 12, 'pentium D3.0 GHz(CQ)3182l', '2010-02-16', '2016-02-16', 16900, '0000-00-00', 'ครบกำหนดในแผน5 ปี'),
(57, 'ms7440-001-0007/256', 'งานสารสนเทศ(ชาตรี)', 1, 25, 'pentium D3.0 GHz(CQ)3182l', '2010-02-16', '2016-02-16', 16900, '0000-00-00', 'ครบกำหนดในแผน5 ปี'),
(58, 'ms7440-001-0007/257', 'เวชระเบียน-ห้องบัตร2', 1, 5, 'pentium D3.0 GHz(CQ)3182l', '2010-02-16', '2016-02-16', 13000, '0000-00-00', 'จัดซื้อทดแทน เฉพาะตัวCPU'),
(59, 'ms7440-001-0007/258', 'สิทธิบัตร2', 1, 19, 'pentium D3.0 GHz(CQ)3182l', '2010-02-16', '2016-02-16', 13000, '0000-00-00', 'ขอซื้อใหม่'),
(60, 'ms7440-001-0007/259', 'ทันตะ1', 1, 12, 'pentium D3.0 GHz(CQ)3182l', '2010-02-16', '2016-02-16', 13000, '0000-00-00', 'ครบกำหนดในแผน5 ปี'),
(61, 'ms7440-001-0007/265', 'Doctor2_Clinic', 1, 8, 'pentium D3.0 GHz(CQ)3272l', '2010-05-02', '2016-05-02', 17000, '0000-00-00', 'ครบกำหนดในแผน5 ปี'),
(62, 'ms7440-001-0007/273', 'screen3(OPD)', 1, 1, 'pentium D3.0 GHz(CQ)3272l', '2010-05-02', '2016-05-02', 17000, '0000-00-00', 'ครบกำหนดในแผน5 ปี'),
(63, 'ms7440-001-0007/274', 'Screen2_Clinic', 1, 8, 'pentium D3.0 GHz(CQ)3272l', '2010-05-02', '2016-05-02', 17000, '0000-00-00', 'ครบกำหนดในแผน5 ปี'),
(64, 'ms7440-001-0007/275', 'งานยาเสพติด', 1, 1, 'pentium D3.0 GHz(CQ)3272l', '2010-05-12', '2016-05-12', 17000, '0000-00-00', 'จัดซื้อทดแทน'),
(65, 'ms7440-001-0007/278', 'ห้องคุณธนาวดี', 1, 20, 'pentium D3.0 GHz(CQ)3372l', '2010-06-17', '2016-06-17', 17500, '0000-00-00', 'ขอซื้อใหม่'),
(66, 'ms7440-001-0007/279', 'Screen2_Clinic', 1, 8, 'pentium D3.0 GHz(CQ)3372l', '2010-06-17', '2016-06-17', 17500, '0000-00-00', 'ขอซื้อใหม่'),
(67, 'ms7440-001-0007/283', 'ผู้ป่วยใน', 1, 13, 'pentium D3.0 GHz(CQ)3372l', '2010-08-09', '2016-08-08', 11000, '0000-00-00', 'ซื้อใหม่'),
(68, 'ms7440-001-0007/295', 'ประชาสัมพันธ์', 1, 1, 'pentium D3.0 GHz(CQ)3372l', '2010-11-29', '2016-08-08', 17500, '0000-00-00', 'ซื้อใหม่'),
(69, 'ms7440-001-0007/300', 'Lab1', 1, 11, 'pentium D3.0 GHz(CQ)3372l', '2011-02-01', '2017-08-08', 16000, '0000-00-00', 'จัดซื้อทดแทน '),
(70, 'ms7440-001-0007/301', 'Lab2', 1, 11, 'pentium D3.0 GHz(CQ)3372l', '2011-02-02', '2017-08-09', 16000, '0000-00-00', 'จัดซื้อทดแทน '),
(71, 'ms7440-001-0007/303', 'ทันตกรรม(Dent4)', 1, 12, 'pentium D3.0 GHz(CQ)3372l', '2011-02-14', '2017-08-10', 16000, '0000-00-00', 'ซื้อใหม่'),
(72, 'ms7440-001-0007/304', 'UC1', 1, 19, 'pentium D3.0 GHz(CQ)3372l', '2011-02-14', '2017-08-11', 16000, '0000-00-00', 'ซื้อใหม่'),
(73, 'ms7440-001-0007/316', 'ANC(LR)', 1, 6, 'M1920-PT จอ18.5', '2011-06-29', '2017-08-12', 15900, '0000-00-00', 'ซื้อใหม่'),
(74, 'ms7440-001-0007/317', 'KAI', 1, 13, 'M1920-PT จอ18.5', '2011-08-08', '2017-08-12', 15900, '0000-00-00', 'จัดซื้อทดแทน '),
(75, 'ms7440-001-0007/320', 'ธุรการ(อ้อย)', 1, 4, 'Lenovo u410', '2011-09-16', '2017-08-13', 15900, '0000-00-00', 'จัดซื้อทดแทน '),
(76, 'ms7440-001-0007/327', 'สสจ.อุบล', 1, 28, 'PC', '2011-10-25', '2017-08-13', 20800, '0000-00-00', 'ซื้อใหม่'),
(77, 'ms7440-001-0007/328', 'สสจ.อุบล', 1, 28, 'แบบประมวลผล', '2011-10-25', '2017-08-13', 38500, '0000-00-00', ''),
(78, 'ms7440-001-0007/331', 'Screen3(OPD)', 1, 1, 'Lenovo u410', '2011-12-29', '2017-12-30', 12400, '0000-00-00', '-'),
(79, 'ms7440-001-0007/332', 'บริหาร(Finance-นวลจันทร์)', 1, 4, 'Lenovo u410', '2011-12-29', '2017-12-30', 14900, '0000-00-00', '-'),
(80, 'ms7440-001-0007/334', 'หัวหน้าบริหาร', 1, 4, 'I pad Wifi 3G 16 GB', '2012-01-12', '2018-12-30', 19900, '0000-00-00', ''),
(81, 'ms7440-001-0007/344', 'โภชนาการ(กุ้ง)', 1, 16, 'DELL', '2012-07-30', '2018-06-30', 17900, '0000-00-00', ''),
(82, 'ms7440-001-0007/345', 'Lab2', 1, 11, 'ACER รุ่นx1930', '2012-07-30', '2018-06-30', 13900, '0000-00-00', ''),
(83, 'ms7440-001-0007/346', 'Screen1(OPD)', 1, 1, 'ACER รุ่นx1930', '2012-07-30', '2018-06-30', 13900, '0000-00-00', '-'),
(84, 'ms7440-001-0007/346', 'Director(กอบสุข)', 1, 24, 'ACER รุ่นx1930', '2012-09-30', '2018-06-30', 12900, '0000-00-00', ''),
(85, 'ms7440-001-0007/360', 'Clinic{ห้องวิจัย}', 1, 8, 'Compaq Presario CQ3582l', '2013-05-28', '2019-05-27', 15000, '0000-00-00', 'จัดซื้อใหม่'),
(86, 'ms7440-001-0007/363', 'Pharm4', 1, 3, 'Compaq Presario CQ3582l', '2013-05-28', '2019-05-27', 15000, '0000-00-00', 'จัดซื้อทดแทน '),
(87, 'ms7440-001-0007/364', 'ห้องตรวจ1', 1, 1, 'Compaq Presario CQ3582l', '2013-05-28', '2019-05-27', 15000, '0000-00-00', 'จัดซื้อทดแทน '),
(88, 'ms7440-001-0007/365', 'ผู้ป่วยชาย', 1, 13, 'Lenovo u410', '2013-06-26', '2019-06-25', 14500, '0000-00-00', ''),
(89, 'ms7440-001-0007/366', 'ผู้ป่วยชาย', 1, 13, 'Lenovo u410', '2013-06-26', '2019-06-25', 14500, '0000-00-00', ''),
(90, 'ms7440-001-0007/367', 'ผู้ป่วยหญิง', 1, 14, 'Lenovo u410', '2013-06-26', '2019-06-25', 14500, '0000-00-00', ''),
(91, 'ms7440-001-0007/368', 'ผู้ป่วยหญิง', 1, 14, 'Lenovo u410', '2013-05-28', '2019-06-25', 14500, '0000-00-00', ''),
(92, 'ms7440-001-0007/379', 'ห้องตรวจ2', 1, 1, 'Lenuvo PC (เฉพาะCASE)', '2013-09-05', '2019-09-04', 12000, '0000-00-00', 'จัดซื้อทดแทน'),
(93, 'ms7440-001-0007/380', 'ให้คำปรึกษา2', 1, 22, 'Lenuvo PC ครบชุด', '2013-09-05', '2019-09-04', 14500, '0000-00-00', 'จัดซื้อใหม่'),
(94, 'ms7440-001-0007/381', 'คัดกรองER', 1, 2, 'Lenuvo PC (เฉพาะCASE)', '2013-09-05', '2019-09-04', 12000, '0000-00-00', 'จัดซื้อทดแทน'),
(95, 'ms7440-001-0007/382', 'iBM SERVER', 1, 25, 'IBM xSeries M3400', '2013-09-30', '2018-09-30', 61500, '0000-00-00', 'Server(Samba2)'),
(96, 'ms7440-001-0007/384', 'DRG(พี่แต)', 1, 5, 'DELL', '2013-11-19', '2018-11-19', 15500, '0000-00-00', 'ทดแทนครบชุด'),
(97, 'ms7440-001-0007/389', 'ER-Refer', 1, 2, 'Lenovo ThinkcentreE73', '2014-08-10', '2018-08-10', 30000, '0000-00-00', 'จังหวัดให้มา+UPS+Printer(hp1005)'),
(98, 'ms7440-001-0007/', 'ER', 1, 2, 'Lenovo ThinkcentreE73', '2014-08-28', '2018-08-28', 15120, '0000-00-00', ''),
(99, 'ms7440-001-0007/392', 'คลังยา', 1, 3, 'Lenovo ThinkcentreE73', '2014-09-05', '2019-09-05', 15120, '0000-00-00', 'เพิ่มใหม่'),
(100, 'ms7440-001-0007/393', 'กายภาพ', 1, 27, 'Lenovo ThinkcentreE73', '2014-09-05', '2019-09-05', 15120, '0000-00-00', 'จัดซื้อทดแทน'),
(101, 'ms7440-001-0007/394', 'แพทย์แผนไทย', 1, 18, 'Lenovo ThinkcentreE73', '2014-09-05', '2019-09-05', 15120, '0000-00-00', 'เพิ่มใหม่'),
(102, 'ms7440-001-0007/395', 'ห้องยาบน', 1, 3, 'Lenovo ThinkcentreE73', '2014-09-05', '2019-09-05', 15120, '0000-00-00', 'จัดซื้อทดแทน'),
(103, 'ms7440-001-0007/396', 'ห้องยาผู้ป่วยใน1', 1, 3, 'Lenovo ThinkcentreE73', '2014-09-05', '2019-09-05', 15120, '0000-00-00', 'เพิ่มใหม่'),
(104, 'ms7440-001-0007/397', 'ห้องยาผู้ป่วยใน2', 1, 3, 'Lenovo ThinkcentreE73', '2014-09-05', '2019-09-05', 15120, '0000-00-00', 'เพิ่มใหม่'),
(105, 'ms7440-001-0007/398', 'เวชปฏิบัติ<แอนนา>', 1, 16, 'Lenovo ThinkcentreE73', '2014-09-05', '2019-09-05', 15120, '0000-00-00', 'จัดซื้อทดแทน'),
(106, 'ms7440-001-0007/399', 'ประกันสุขภาพ', 1, 19, 'Lenovo ThinkcentreE73', '2014-09-05', '2019-09-05', 15120, '0000-00-00', 'จัดซื้อทดแทน'),
(107, 'ms7440-001-0007/400', 'PCU', 1, 17, 'Lenovo ThinkcentreE73', '2014-09-05', '2019-09-05', 15120, '0000-00-00', 'จัดซื้อทดแทน'),
(108, 'ms7440-001-0007/401', 'CAPD', 1, 9, 'Lenovo ThinkcentreE73', '2014-09-05', '2019-09-05', 15120, '0000-00-00', 'เพิ่มใหม่'),
(109, 'ms7440-001-0007/402', 'CKD', 1, 1, 'Lenovo ThinkcentreE73', '2014-09-05', '2019-09-05', 15120, '0000-00-00', 'เพิ่มใหม่'),
(110, 'ms7440-001-0007/403', 'ยาเสพติด', 1, 1, 'Lenovo ThinkcentreE73', '2014-09-05', '2019-09-05', 15120, '0000-00-00', 'เพิ่มใหม่'),
(111, 'ms7440-001-0007/404', 'การเงิน2', 1, 4, 'Lenovo ThinkcentreE73', '2014-09-05', '2019-09-05', 15120, '0000-00-00', 'จัดซื้อทดแทน'),
(112, 'ms7440-001-0007/405', 'LR3', 1, 6, 'Lenovo ThinkcentreE73', '2014-09-05', '2019-09-05', 15120, '0000-00-00', 'จัดซื้อทดแทน'),
(113, 'ms7440-001-0007/406', 'บริหาร(ห้องเก็บเงิน)', 1, 4, 'Lenovo ThinkcentreE73', '2014-09-05', '2019-09-05', 15120, '0000-00-00', 'จัดซื้อทดแทน'),
(114, 'ms7440-001-0007/407', 'DRG1', 1, 5, 'Lenovo ThinkcentreE73', '2014-09-05', '2019-09-05', 15120, '0000-00-00', 'จัดซื้อทดแทน'),
(115, 'ms7440-001-0007/408', 'ตรวจสุขภาพ(IVP)', 1, 24, 'Lenovo ThinkcentreE73', '2014-09-05', '2019-09-05', 15120, '0000-00-00', 'เพิ่มใหม่'),
(116, 'ms7440-001-0007/151', 'โสตทัศนศึกษา', 2, 26, 'Acer Aspire3680', '2006-12-15', '2010-12-15', 23433, '2013-05-28', ''),
(117, 'ms7440-001-0007/66', 'ศูนย์คอมพิวเตอร์', 2, 25, 'Compaq2100', '2001-11-28', '2006-11-28', 22000, '2011-05-15', 'ชำรุด'),
(118, 'ms7440-001-0007/186', 'PCU', 2, 17, 'Acer Aspire4720z', '2008-01-21', '2013-10-01', 23400, '2011-05-15', 'ซื้อทดแทนSVOA-eyeshot 17กพ.55'),
(119, 'ms7440-001-0007/152', 'ศูนย์คอมพิวเตอร์', 2, 25, 'Acer Aspire3680', '2006-12-15', '2010-12-15', 23433, '2011-05-16', 'ย้ายจากกลุ่มการพยาบาล'),
(120, 'ms7440-001-0007/153', 'การเงินและการบัญชี', 2, 4, 'Acer Aspire5580', '2006-12-15', '2010-12-15', 23433, '0000-00-00', 'ซื้อใหม่ในแผน'),
(121, 'ms7440-001-0007/179', 'Aids1(บุญธรรม)', 2, 6, 'Compaq v.300', '2008-01-15', '2013-10-01', 30000, '0000-00-00', 'โครงการเอดส์'),
(122, 'ms7440-001-0007/180', 'Aids1(ห้องยา)', 2, 3, 'Compaq v.3000', '2008-01-15', '2013-10-01', 30000, '0000-00-00', 'โครงการเอดส์'),
(123, 'ms7440-001-0007/185', 'ผอ.', 2, 26, 'HP ', '2008-01-21', '2013-10-01', 36200, '0000-00-00', 'ซื้อใหม่ในแผน'),
(124, 'ms7440-001-0007/187', 'ทันตกรรม', 2, 3, 'Acer Aspire4720z', '2008-01-21', '2013-10-01', 23400, '2014-06-04', 'ซื้อใหม่ในแผน'),
(125, 'ms7440-001-0007/211', 'หัวหน้าบริหาร', 2, 4, 'Acer aspire29302[intel@core2 2.0Ghz,DDR3_512MB', '2009-01-31', '2014-01-28', 22363, '0000-00-00', 'ซื้อใหม่ในแผน'),
(126, 'ms7440-001-0007/213', 'สำนักคุณภาพ', 2, 16, 'Acer aspire4736g[intel@core2 2.0Ghz,DDR3_512MB', '2009-06-26', '2014-06-29', 28700, '0000-00-00', 'จัดซื้อทดแทน'),
(127, 'ms7440-001-0007/221', 'ศูนย์คอมพิวเตอร์', 2, 25, 'Compaq CQ40-514AUamd @2 2.0Ghz,DDR3_1GB', '2009-09-03', '2015-09-01', 15900, '0000-00-00', 'ซื้อใหม่ในแผน'),
(128, 'ms7440-001-0007/291', 'Pharm(ปาริชาต)', 2, 3, 'Compaq CQ325 amd v120@2 2.0Ghz,DDR3_2GB', '2010-09-15', '2016-09-14', 15000, '0000-00-00', 'ซื้อใหม่ในแผน'),
(129, 'ms7440-001-0007/292', 'เทคนิคการแพทย์(Lab)', 2, 11, 'Acer 14"', '2010-09-22', '2016-09-15', 16900, '0000-00-00', 'ซื้อใหม่ในแผน'),
(130, 'ms7440-001-0007/293', 'Conferent(ER)', 2, 2, 'NetBook HP mini210', '2010-09-30', '2016-10-01', 1100, '0000-00-00', 'ซื้อใหม่ในแผน'),
(131, 'ms7440-001-0007/298', 'ห้องผอ.', 2, 24, 'พกพา Wifi/Edge', '2010-12-30', '2016-10-01', 27500, '0000-00-00', 'ซื้อใหม่ในแผน'),
(132, 'ms7440-001-0007/305', 'หัวหน้ากลุ่มการพยาบาล', 2, 7, 'Acer47382', '2011-05-17', '2017-10-17', 16000, '0000-00-00', 'จัดซื้อทดแทน'),
(133, 'ms7440-001-0007/314', 'Pharm', 2, 3, 'Notebook Lenovo Q470 59311254', '2011-09-20', '2017-09-15', 15900, '0000-00-00', 'ซื้อใหม่ในแผน'),
(134, 'ms7440-001-0007/321', 'ตรวจตา', 2, 1, 'Notebook Lenovo Q470 59311255', '2011-09-20', '2017-09-16', 15900, '0000-00-00', 'ซื้อใหม่ในแผน'),
(135, 'ms7440-001-0007/329', 'สสจ.อุบล', 2, 28, 'Notebook', '2011-10-25', '2017-09-16', 35500, '0000-00-00', 'สสจ.ยืม'),
(137, 'ms7440-001-0007/362', 'ศูนย์คอมพิวเตอร์โสตทัศนศึกษา', 2, 26, 'Acer  E1-471G 32344G50', '2013-05-28', '2018-05-28', 14900, '0000-00-00', 'จัดซื้อทดแทน'),
(138, 'ms7440-001-0007/', 'บริหาร(ห้องเก็บเงิน)', 10, 4, 'Epson LQ-300', '2002-01-01', '2002-01-01', 3600, '0000-00-00', 'ซื้อใหม่'),
(140, 'ms7440-001-0007/235', 'โสตทัศนศึกษา', 4, 26, 'Canon MP-258', '2009-11-10', '2014-11-10', 3500, '0000-00-00', 'ซื้อใหม่'),
(141, 'ms7440-001-0007/315', 'ห้องยา', 4, 3, 'HP INKJET J6500(All-in-One)', '2011-08-03', '2016-08-03', 16900, '0000-00-00', 'ซื้อใหม่'),
(196, 'ms7440-001-0007/235', 'โสตทัศนศึกษา', 4, 26, 'Canon MP-258', '2009-11-10', '2014-11-10', 3500, '0000-00-00', 'ซื้อใหม่'),
(197, 'ms7440-001-0007/315', 'ห้องยา', 4, 3, 'HP INKJET J6500(All-in-One)', '2011-08-03', '2016-08-03', 16900, '0000-00-00', 'ซื้อใหม่'),
(198, 'ms7440-001-0007/087', 'สิทธิบัตร', 3, 19, 'HP Laserjet 1000 Series', '2003-11-01', '2008-11-01', 16900, '0000-00-00', 'ซื้อใหม่'),
(199, 'ms7440-001-0007/097', 'OPD(ห้องตรวจ3)', 3, 1, 'HP Laserjet 1010', '2004-11-01', '2009-11-01', 7700, '0000-00-00', 'จัดซื้อทดแทน'),
(251, 'ms.7440-001-0007/116', 'WARDชาย', 5, 13, 'เครื่องสำรองไฟ UPS Syndom 750 VA', '2004-11-30', '2009-11-30', 2100, '0000-00-00', '-'),
(252, 'ms7440-001-0007/100', 'บริหาร', 5, 4, 'เครื่องสำรองไฟ 500 VA', '2004-11-30', '2009-11-30', 2800, '0000-00-00', ''),
(253, 'ms7440-001-0007/101', 'ER', 5, 2, 'เครื่องสำรองไฟ 500 VA', '2004-11-30', '2009-11-30', 2800, '0000-00-00', ''),
(254, 'ms7440-001-0007/104', 'บริหารการเงิน', 5, 4, 'เครื่องสำรองไฟ 500 VA', '2005-06-19', '2010-06-19', 2600, '0000-00-00', ''),
(255, 'ms7440-001-0007/105', 'ทันตกรรม', 5, 12, 'เครื่องสำรองไฟ 500 VA', '2005-08-09', '2010-08-09', 2600, '0000-00-00', ''),
(256, 'ms7440-001-0007/111', 'ทันตกรรม', 5, 12, 'เครื่องสำรองไฟ UPS Syndom 750 VA', '2005-08-18', '2010-08-18', 2100, '0000-00-00', ''),
(257, 'ms7440-001-0007/112', 'ซันสูตร ( ด้านใน )', 5, 11, 'เครื่องสำรองไฟ UPS Syndom 750 VA', '2005-08-18', '2010-08-18', 2100, '0000-00-00', '-'),
(258, 'ms7440-001-0007/113', 'ผู้อำนวยการ', 5, 24, 'เครื่องสำรองไฟ UPS Syndom 750 VA', '2005-08-18', '2010-08-18', 2100, '0000-00-00', ''),
(259, 'ms7440-001-0007/114', 'อัตราซาวด์', 5, 6, 'เครื่องสำรองไฟ UPS Syndom 750 VA', '2005-08-18', '2010-08-18', 2100, '0000-00-00', ''),
(260, 'ms7440-001-0007/115', 'wardหญิง', 5, 14, 'เครื่องสำรองไฟ UPS Syndom 750 VA', '2005-08-18', '2010-08-18', 2100, '0000-00-00', '-'),
(261, 'ms.7440-001-0007/116', 'WARDชาย', 5, 13, 'เครื่องสำรองไฟ UPS Syndom 750 VA', '2005-08-18', '2010-08-18', 2100, '0000-00-00', '-'),
(262, 'ms7440-001-0007/177', 'ศูนย์คอมพิวเตอร์', 5, 25, 'Syndome ', '2007-11-29', '2012-11-29', 2200, '0000-00-00', ''),
(263, 'ms7440-001-0007/190', 'ห้องทันตะ', 5, 12, 'เครื่องสำรองไฟ', '2007-11-29', '2012-11-29', 2200, '0000-00-00', ''),
(264, 'ms7440-001-0007/190', 'ทันตกรรม', 5, 12, 'Syndome ', '2008-05-17', '2013-05-17', 2300, '0000-00-00', ''),
(265, 'ms7440-001-0007/191', 'ห้องทันตะ', 5, 12, 'เครื่องสำรองไฟ', '2008-05-17', '2013-05-17', 2200, '0000-00-00', ''),
(266, 'ms7440-001-0007/191', 'ทันตกรรม', 5, 12, 'Syndome ', '2008-05-17', '2013-05-17', 2300, '0000-00-00', ''),
(267, 'ms7440-001-0007/223', 'ศูนย์คอมพิวเตอร์', 5, 25, 'Syndome 400watt', '2009-10-09', '2014-10-09', 2800, '0000-00-00', ''),
(268, 'ms7440-001-0007/224', 'ศูนย์คอมพิวเตอร์', 5, 25, 'Syndome 400watt', '2009-10-10', '2014-10-10', 2800, '0000-00-00', ''),
(269, 'ms7440-001-0007/225', 'ศูนย์คอมพิวเตอร์', 5, 25, 'Syndome 400watt', '2009-10-11', '2014-10-11', 2800, '0000-00-00', ''),
(270, 'ms7440-001-0007/226', 'ศูนย์คอมพิวเตอร์', 5, 25, 'Syndome 400watt', '2009-10-12', '2014-10-12', 2800, '0000-00-00', ''),
(271, 'ms7440-001-0007/227', 'ศูนย์คอมพิวเตอร์', 5, 25, 'Syndome 400watt', '2009-10-13', '2014-10-13', 2800, '0000-00-00', ''),
(272, 'ms7440-001-0007/228', 'ศูนย์คอมพิวเตอร์', 5, 25, 'Syndome 400watt', '2009-10-14', '2014-10-14', 2800, '0000-00-00', ''),
(273, 'ms7440-001-0007/229', 'ศูนย์คอมพิวเตอร์', 5, 25, 'Syndome 400watt', '2009-10-15', '2014-10-15', 2800, '0000-00-00', ''),
(274, 'ms7440-001-0007/230', 'ศูนย์คอมพิวเตอร์', 5, 25, 'Syndome 400watt', '2009-10-16', '2014-10-16', 2800, '0000-00-00', ''),
(275, 'ms7440-001-0007/231', 'ศูนย์คอมพิวเตอร์', 5, 25, 'Syndome 1000watt', '2009-10-09', '2014-10-09', 8500, '0000-00-00', ''),
(276, 'ms7440-001-0007/235', 'ซักประวัติ', 5, 1, 'Syndome 400watt', '2009-09-27', '2014-09-27', 2800, '0000-00-00', ''),
(277, 'ms7440-001-0007/252', 'CAPD', 5, 9, 'เครื่องสำรองไฟ', '2010-02-15', '2014-02-15', 2200, '0000-00-00', ''),
(278, 'ms7440-001-0007/252', 'ห้องไต', 5, 9, 'Syndome 400watt', '2010-02-15', '2014-02-15', 2200, '0000-00-00', ''),
(279, 'ms7440-001-0007/253', 'เวชสถิติ', 5, 5, 'เครื่องสำรองไฟ', '2010-02-15', '2014-02-15', 2200, '0000-00-00', ''),
(280, 'ms7440-001-0007/253', 'เวชสถิติ', 5, 5, 'Syndome 400watt', '2010-02-15', '2014-02-15', 2200, '0000-00-00', ''),
(281, 'ms7440-001-0007/254', 'ศูนย์คอมพิวเตอร์', 5, 25, 'เครื่องสำรองไฟ', '2010-02-15', '2014-02-15', 2200, '0000-00-00', ''),
(282, 'ms7440-001-0007/254', 'ประชาสัมพันธ์', 5, 1, 'Syndome 400watt', '2010-02-15', '2014-02-15', 2200, '0000-00-00', ''),
(283, 'ms7440-001-0007/264', 'ศูนย์คอมพิวเตอร์', 5, 25, 'Syndome 400watt', '2010-03-15', '2014-02-15', 2800, '0000-00-00', ''),
(284, 'ms7440-001-0007/269', 'Clinic', 5, 8, 'Syndome 400watt', '2010-05-12', '2014-02-15', 2500, '0000-00-00', ''),
(285, 'ms7440-001-0007/280', 'พี่จุ๋ม', 5, 20, 'Syndome 400watt', '2010-06-17', '2015-06-17', 2200, '0000-00-00', ''),
(286, 'ms7440-001-0007/281', 'Clinic', 5, 8, 'Syndome 400watt', '2010-06-17', '2015-06-17', 2200, '0000-00-00', ''),
(287, 'ms7440-001-0007/285', 'เวชระเบียน-ห้องบัตร', 5, 5, 'Syndome 400watt', '2010-07-18', '2015-07-18', 2800, '0000-00-00', '-'),
(288, 'ms7440-001-0007/294', 'OR', 5, 6, 'Syndome 1kva', '2010-11-18', '2015-11-18', 8900, '0000-00-00', ''),
(289, 'ms7440-001-0007/', 'ไข้หวัด2009', 5, 1, 'Synd-Gold 500W', '2011-10-03', '2016-10-03', 2800, '0000-00-00', ''),
(290, 'ms7440-001-0007/', 'Phram3 ที่ชำรุด', 5, 3, 'UPS Syndome sf-800', '2012-07-30', '2017-07-30', 2200, '0000-00-00', ''),
(291, 'ms7440-001-0007/', 'Share', 5, 25, 'UPS Syndome sf-800', '2012-07-30', '2017-07-30', 2200, '0000-00-00', ''),
(292, 'ms-7440-001-0007/371', 'ตีกผู้ป่วยชาย', 5, 14, 'Syndome 400watt', '2013-06-26', '2018-06-26', 2200, '0000-00-00', ''),
(293, 'ms-7440-001-0007/372', 'ตีกผู้ป่วยชาย', 5, 14, 'Syndome 400watt', '2013-06-26', '2018-06-26', 2200, '0000-00-00', ''),
(294, 'ms-7440-001-0007/373', 'ตีกผู้ป่วยหญิง', 5, 13, 'Syndome 400watt', '2013-06-26', '2018-06-26', 2200, '0000-00-00', ''),
(295, 'ms-7440-001-0007/374', 'ตีกผู้ป่วยหญิง', 5, 13, 'Syndome 400watt', '2013-06-26', '2018-06-26', 2200, '0000-00-00', ''),
(296, 'ms-7440-001-0007/391', 'ER-Refer', 5, 2, 'Syndome 450watt', '2014-08-10', '2019-08-10', 2500, '0000-00-00', ''),
(297, 'ms7440-001-0007/168', 'ห้องผอ', 9, 4, 'LCD 19" View Sonic', '2005-05-12', '2010-05-12', 6900, '2012-11-29', 'ซ่อมไม่ได้{จำหน่าย}'),
(298, 'ms7440-001-0007/176', 'LAB', 9, 11, 'HP17" LCD', '2005-06-12', '2010-06-12', 6900, '2012-07-18', 'ซ่อมไม่ได้{จำหน่าย}'),
(299, 'ms7440-001-0007/177', 'LRห้องคลอด', 9, 6, 'LCD 19" View Sonic', '2005-03-07', '2010-03-07', 6900, '2012-11-29', 'ซ่อมไม่ได้{จำหน่าย}'),
(300, 'ms7440-001-0007/205', 'ห้องตรวจ1', 9, 1, 'HP17"vp15 LCD', '2005-05-04', '2010-05-04', 6900, '2012-11-29', 'ซ่อมไม่ได้{จำหน่าย}'),
(301, 'ms7440-001-0007/235', 'Pharm4', 9, 3, 'Samaung LCD 18.5"', '2010-10-23', '2015-10-23', 2900, '0000-00-00', 'ทดแทนตัวเดิมที่ชำรุด'),
(302, 'ms7440-001-0007/238', 'สิทธิบัตร', 9, 19, 'LCD 15"HP', '2010-01-06', '2015-01-06', 3400, '0000-00-00', 'ทดแทนตัวเดิมที่ชำรุด'),
(303, 'ms7440-001-0007/241', 'เวชปฏิบัติ(PCU)', 9, 17, 'LCD 18.5"', '2010-01-19', '2015-01-19', 4200, '0000-00-00', 'ทดแทนตัวเดิมที่ชำรุด'),
(304, 'ms7440-001-0007/255', 'ER', 9, 2, 'Samaung LCD 18.5"', '2010-11-09', '2015-11-09', 2900, '0000-00-00', 'ทดแทนตัวเดิมที่ชำรุด '),
(305, 'ms7440-001-0007/262', 'ห้องยา(เคาน์เตอร์)', 9, 3, 'LCD 15"', '2010-03-19', '2015-03-19', 3500, '2014-05-19', 'ทดแทนตัวเดิมที่ชำรุด'),
(306, 'ms7440-001-0007/268', 'เวชระเบียน-ห้องบัตร', 9, 5, 'LCD 15"', '2010-05-12', '2015-05-12', 3500, '2013-12-19', 'ชำรุด'),
(307, 'ms7440-001-0007/287', 'ทันตกรรม', 9, 12, 'LCD 18.5"', '2010-08-20', '2015-08-20', 4200, '0000-00-00', 'ทดแทนตัวเดิมที่ชำรุด'),
(308, 'ms7440-001-0007/288', 'OPD', 9, 1, 'LCD 18.5"', '2010-08-20', '2015-08-20', 4200, '0000-00-00', 'ทดแทนตัวเดิมที่ชำรุด'),
(309, 'ms7440-001-0007/289', 'ศูนย์คอมพิวเตอร์', 9, 25, 'LCD 18.5"', '2010-09-03', '2015-09-03', 4000, '0000-00-00', 'ทดแทนตัวเดิมที่ชำรุด'),
(310, 'ms7440-001-0007/290', 'opd', 9, 1, 'LCD 18.5"', '2010-09-03', '2015-09-03', 4000, '0000-00-00', 'ทดแทนตัวเดิมที่ชำรุด'),
(311, 'ms7440-001-0007/296', 'Wardหญิง', 9, 14, 'LCD 18.5" E1920x', '2010-11-29', '2015-11-29', 4290, '0000-00-00', 'ทดแทนตัวเดิมที่ชำรุด'),
(312, 'ms7440-001-0007/297', 'เวชระเบียน(กาญจนา)', 9, 5, 'LCD 18.5"', '2010-11-29', '2015-11-29', 4200, '0000-00-00', 'ทดแทนตัวเดิมที่ชำรุด'),
(313, 'ms7440-001-0007/311', 'พัสดุ', 9, 4, 'LCD 18.5"', '2011-05-19', '2016-05-19', 3500, '0000-00-00', 'ทดแทนตัวเดิมที่ชำรุด'),
(314, 'ms7440-001-0007/316', 'Lab', 9, 11, 'LCD 18.5" samsung', '2011-08-03', '2016-08-03', 3500, '0000-00-00', 'ทดแทนตัวเดิมที่ชำรุด'),
(315, 'ms7440-001-0007/318', 'Wardชาย', 9, 13, 'LCD 18.5" samsung', '2011-08-29', '2016-08-29', 3500, '0000-00-00', 'ทดแทนตัวเดิมที่ชำรุด'),
(316, 'ms7440-001-0007/322', 'ห้องตรวจ1', 9, 1, 'LCD 18.5" samsung', '2011-09-16', '2016-09-16', 3300, '0000-00-00', 'ทดแทนตัวเดิมที่ชำรุด'),
(317, 'ms7440-001-0007/326', 'หัวหน้าบริหาร', 9, 4, 'LCD 18.5" samsung', '2011-09-27', '2016-09-27', 3300, '0000-00-00', 'ซื้อใหม่'),
(318, 'ms7440-001-0007/326', 'LR', 9, 6, 'LCD 18.5" samsung', '2012-02-23', '2017-02-23', 3600, '0000-00-00', 'ทดแทนตัวเดิมที่ชำรุด'),
(319, 'ms7440-001-0007/339', 'ER{SVOA}', 9, 2, 'LCD 18.5" IN1930', '2012-04-11', '2017-04-11', 3500, '0000-00-00', 'ทดแทนตัวเดิมที่ชำรุด'),
(320, 'ms7440-001-0007/340', 'เวชระเบียน', 9, 5, 'LCD 18.5" IN1930', '2012-04-11', '2017-04-11', 3500, '0000-00-00', 'ทดแทนตัวเดิมที่ชำรุด'),
(321, 'ms7440-001-0007/341', 'wardชาย2', 9, 13, 'LCD 19" samsung', '2012-06-26', '2017-06-26', 3500, '0000-00-00', 'ทดแทนตัวเดิมที่ชำรุด'),
(322, 'ms7440-001-0007/342', 'ห้องผู้อำนวยการ', 9, 24, 'LCD 19" samsung', '2012-06-26', '2017-06-26', 3500, '0000-00-00', 'ทดแทนตัวเดิมที่ชำรุด'),
(323, 'ms7440-001-0007/378', 'เวชระเบียน-ห้องบัตร', 9, 5, 'LG LCD 18.5"', '2013-09-09', '2018-09-09', 2900, '0000-00-00', 'ทดแทนตัวเดิมที่ชำรุดhp15นิ้ว'),
(324, 'ms7440-001-0007/379', 'manage5', 9, 4, 'LG LCD 18.5"', '2013-09-09', '2018-09-09', 2900, '0000-00-00', 'ทดแทนตัวเดิมที่ชำรุดhp15นิ้ว'),
(325, 'ms7440-001-0007/385', 'สำรองใช้', 9, 25, 'Acer LCD 18.5"', '2014-03-20', '2019-03-20', 3200, '0000-00-00', 'ศูนย์คอมพิวเตอร์'),
(326, 'ms7440-001-0007/386', 'pharm5', 9, 3, 'Acer LCD 18.5"', '2014-03-20', '2019-03-20', 3200, '0000-00-00', 'เภสัชกรรม(ทดแทน) HP 15s สีเพื้ยนแล้วดับไปเลย'),
(327, 'ms7440-001-0007/387', 'ประชุมเวชปฏิบัติชั้น2', 9, 25, 'Acer LCD 18.5"', '2014-03-20', '2019-03-20', 3200, '0000-00-00', 'ทดแทนตัวชำรุด'),
(328, 'ms7440-001-0007/80', 'เวชระเบียน', 9, 5, 'CRT acer CF15', '2005-05-12', '2010-05-12', 6900, '2012-04-05', 'ซ่อมไม่ได้{จำหน่าย}'),
(330, 'ms7440-001-0007/235', 'โสตทัศนศึกษา', 4, 26, 'Canon MP-258', '2009-11-10', '2014-11-10', 3500, '0000-00-00', 'ซื้อใหม่'),
(331, 'ms7440-001-0007/315', 'ห้องยา', 4, 3, 'HP INKJET J6500(All-in-One)', '2011-08-03', '2016-08-03', 16900, '0000-00-00', 'ซื้อใหม่'),
(386, 'ms7440-001-0007/235', 'โสตทัศนศึกษา', 4, 26, 'Canon MP-258', '2009-11-10', '2014-11-10', 3500, '0000-00-00', 'ซื้อใหม่'),
(387, 'ms7440-001-0007/315', 'ห้องยา', 4, 3, 'HP INKJET J6500(All-in-One)', '2011-08-03', '2016-08-03', 16900, '0000-00-00', 'ซื้อใหม่'),
(441, 'ms7440-001-0007/348', 'ER', 10, 2, 'Epson LQ-300', '2012-09-28', '2017-09-28', 3500, '0000-00-00', ''),
(442, 'ms7440-001-0007/235', 'โสตทัศนศึกษา', 4, 26, 'Canon MP-258', '2009-11-10', '2014-11-10', 3500, '0000-00-00', 'ซื้อใหม่'),
(443, 'ms7440-001-0007/315', 'ห้องยา', 4, 3, 'HP INKJET J6500(All-in-One)', '2011-08-03', '2016-08-03', 16900, '0000-00-00', 'ซื้อใหม่'),
(444, 'ms7440-001-0007/087', 'สิทธิบัตร', 3, 19, 'HP Laserjet 1000 Series', '2003-11-01', '2008-11-01', 16900, '0000-00-00', 'ซื้อใหม่'),
(445, 'ms7440-001-0007/097', 'OPD(ห้องตรวจ3)', 3, 1, 'HP Laserjet 1010', '2004-11-01', '2009-11-01', 7700, '0000-00-00', 'จัดซื้อทดแทน'),
(446, 'ms7440-001-0007/098', 'OPD(ห้องตรวจ1)', 3, 1, 'HP Laserjet 1010', '2004-11-01', '2009-11-01', 5800, '0000-00-00', 'จัดซื้อทดแทน'),
(447, 'ms7440-001-0007/099', 'PCU', 3, 17, 'HP Laserjet 1010', '2004-11-01', '2009-11-01', 7000, '0000-00-00', 'เครื่องสำรอง'),
(448, 'ms7440-001-0007/102', 'เอกซเรย์', 3, 10, 'HP Laserjet 1020', '2005-01-01', '2010-01-01', 3600, '0000-00-00', 'ซื้อใหม่'),
(449, 'ms7440-001-0007/136', 'OPD(ห้องตรวจ2)', 3, 1, 'HP Laserjet 1020', '2006-03-15', '2011-03-15', 5800, '0000-00-00', 'ซื้อใหม่'),
(450, 'ms7440-001-0007/107', 'บริหาร(การเงิน)', 3, 4, 'HP Laserjet 1020', '2008-08-18', '2012-01-15', 6700, '0000-00-00', 'ซื้อใหม่'),
(451, 'ms7440-001-0007/108', 'LR-OR', 3, 6, 'HP Laserjet 1020', '2005-08-18', '2010-08-18', 6700, '0000-00-00', 'ซื้อใหม่'),
(452, 'ms7440-001-0007/137', 'สำนักคุณภาพ', 3, 16, 'HP Laserjet 1020', '2006-03-15', '2011-03-15', 5800, '2012-04-11', 'ชำรุด'),
(453, 'ms7440-001-0007/135', 'Supply', 3, 15, 'HP Laserjet 1020', '2006-03-15', '2011-03-15', 4900, '0000-00-00', 'ซื้อใหม่'),
(454, 'ms7440-001-0007/172', 'กลุ่มการพยาบาล', 3, 7, 'HP Laserjet 1020', '2007-09-03', '2012-09-03', 0, '2015-01-15', 'บริจาคมา'),
(455, 'ms7440-001-0007/138', 'สิทธิบัตร', 3, 19, 'HP Laserjet 1020', '2006-08-18', '2011-08-18', 4500, '0000-00-00', 'ซื้อใหม่'),
(456, 'ms7440-001-0007/182', 'ให้คำปรึกษา', 3, 22, 'HP Laserjet1020', '2008-01-15', '2013-01-15', 4500, '0000-00-00', 'ซื้อใหม่'),
(457, 'ms7440-001-0007/184', 'บริหาร(โรงช่าง)', 3, 4, 'Brother KL-2140', '2008-12-11', '2013-12-11', 7000, '0000-00-00', 'ซื้อใหม่'),
(458, 'ms7440-001-0007/188', 'Clinic (ซักประวัติ)', 3, 8, 'HP Laserjet p1005', '2009-01-01', '2014-01-01', 7000, '0000-00-00', 'ทดแทน'),
(459, 'ms7440-001-0007/207', 'บริหาร(โภชนาการ)', 3, 4, 'HP Laserjet1018', '2008-09-02', '2013-09-02', 16900, '0000-00-00', 'ซื้อใหม่'),
(460, 'ms7440-001-0007/209', 'LAB', 3, 11, 'HP Laserjet p1005', '2009-03-31', '2014-03-31', 4890, '0000-00-00', 'ซื้อใหม่'),
(461, 'ms7440-001-0007/210', 'OPD', 3, 1, 'HP Laserjet p1005', '2009-03-31', '2014-03-31', 5900, '0000-00-00', 'ซื้อใหม่'),
(462, 'ms7440-001-0007/215', 'กายภาพ', 3, 27, 'HP Laserjet p1005', '2009-08-07', '2014-08-07', 4890, '0000-00-00', 'ซื้อใหม่'),
(463, 'ms7440-001-0007/216', 'ER', 3, 2, 'HP Laserjet p1005', '2009-08-07', '2014-08-07', 5900, '0000-00-00', 'ซื้อใหม่'),
(464, 'ms7440-001-0007/219', 'ห้องยา(คลังยา)', 3, 3, 'HP Laserjet p1005', '2009-08-25', '2014-08-25', 3600, '0000-00-00', 'ซื้อใหม่'),
(465, 'ms7440-001-0007/240', 'เวชปฏิบัติ', 3, 16, 'HP Laserjet M-1005(All-in-One)', '2010-01-13', '2015-01-13', 4500, '0000-00-00', 'ซื้อใหม่'),
(466, 'ms7440-001-0007/248', 'LR-OR', 3, 6, 'HP Laserjet p1005', '2010-10-04', '2015-10-04', 5300, '0000-00-00', 'ซื้อใหม่'),
(467, 'ms7440-001-0007/249', 'เวชระเบียน', 3, 5, 'HP Laserjet M-1005(All-in-One)', '2010-10-04', '2015-10-04', 4500, '0000-00-00', 'ซื้อใหม่'),
(468, 'ms7440-001-0007/250', 'บริหาร(ธุรการ)', 3, 4, 'HP Laserjet p1005', '2010-02-09', '2015-02-09', 4500, '0000-00-00', 'บริจาคมา'),
(469, 'ms7440-001-0007/260', 'ยาเสพติด', 3, 1, 'HP Laserjet p1005', '2010-02-16', '2015-02-16', 4500, '0000-00-00', 'ซื้อใหม่'),
(470, 'ms7440-001-0007/261', 'ห้องไต', 3, 9, 'HP Laserjet p1005', '2010-03-19', '2015-03-19', 29900, '0000-00-00', 'ซื้อใหม่'),
(471, 'ms7440-001-0007/263', 'ผอ.(กอบสุข)', 3, 24, 'HP Laserjet M-1005(All-in-One)', '2010-05-12', '2015-05-12', 3600, '0000-00-00', 'ซื้อใหม่'),
(472, 'ms7440-001-0007/266', 'Clinic (ห้องตรวจ)', 3, 8, 'HP Laserjet p1102', '2010-05-12', '2015-05-12', 3600, '0000-00-00', 'ซื้อใหม่'),
(473, 'ms7440-001-0007/267', 'ซักประวัติ', 3, 1, 'HP Laserjet p1102', '2010-05-12', '2015-05-12', 5300, '0000-00-00', 'ซื้อใหม่'),
(474, 'ms7440-001-0007/276', 'เวชระเบียน(พี่แต)', 3, 5, 'HP Laserjet M-1005(All-in-One)', '2010-05-12', '2015-05-12', 3600, '0000-00-00', 'ซื้อใหม่'),
(475, 'ms7440-001-0007/277', 'LAB', 3, 11, 'HP Laserjet p1102', '2010-05-19', '2015-05-19', 3600, '0000-00-00', 'ทดแทน'),
(476, 'ms7440-001-0007/282', 'ทันตกรรม', 3, 12, 'HP Laserjet p1102', '2010-06-17', '2015-06-17', 6000, '0000-00-00', 'ทดแทน'),
(477, 'ms7440-001-0007/284', 'wardหญิง', 3, 14, 'HP Laserjet m-1132(All-in-One)', '2010-06-29', '2015-06-29', 7700, '0000-00-00', 'ซื้อใหม่'),
(478, 'ms7440-001-0007/286', 'เวชระเบียน', 3, 5, 'HP Laserjet m-1132(All-in-One)', '2010-08-06', '2015-08-06', 16900, '0000-00-00', 'ซื้อใหม่'),
(479, 'ms7440-001-0007/302', 'ทันตกรรม', 3, 12, 'HP Laserjet p1102', '2011-02-01', '2016-02-01', 3600, '0000-00-00', 'ซื้อใหม่'),
(480, 'ms7440-001-0007/309', 'กลุ่มการพยาบาล', 3, 7, 'HP Laserjet m-1132(All-in-One)', '2011-04-21', '2016-04-21', 16900, '0000-00-00', 'ทดแทน'),
(481, 'ms7440-001-0007/310', 'สิทธิบัตร', 3, 19, 'HP Laserjet m-1132(All-in-One)', '2011-04-21', '2016-04-21', 4900, '0000-00-00', 'ซื้อใหม่'),
(482, 'ms7440-001-0007/319', 'LR-OR', 3, 6, 'HP Laserjet m-1132(All-in-One)', '2011-08-30', '2016-08-30', 4900, '0000-00-00', 'ซื้อใหม่'),
(483, 'ms7440-001-0007/323', 'ห้อง ผอ.(กอบสุข)', 3, 24, 'HP Laserjet P1005', '2011-09-16', '2016-09-16', 5490, '0000-00-00', 'ซื้อใหม่'),
(484, 'ms7440-001-0007/324', 'wardหญิง(หัวหน้า)', 3, 14, 'HP Laserjet m-1132(All-in-One)', '2011-09-16', '2016-09-16', 4900, '0000-00-00', 'ซื้อใหม่'),
(485, 'ms7440-001-0007/333', 'เวชระเบียน-ห้องบัตร', 3, 5, 'HP Laserjet p1102', '2011-01-05', '2016-01-05', 4890, '0000-00-00', 'ซื้อใหม่'),
(486, 'ms7440-001-0007/335', 'ER', 3, 2, 'HP M1212(All-in-One)Fax', '2012-01-15', '2017-01-15', 4890, '0000-00-00', 'ซื้อใหม่'),
(487, 'ms7440-001-0007/336', 'ตรวจตา', 3, 1, 'HP Laserjet p1102', '2012-01-18', '2017-01-18', 29900, '0000-00-00', 'ซื้อใหม่'),
(488, 'ms7440-001-0007/400', 'บริหาร(พัสดุ)', 3, 4, 'HP Laserjet p1102', '2012-09-29', '2017-09-29', 3600, '0000-00-00', 'จัดซื้อทดแทน'),
(489, 'ms7440-001-0007/361', 'Clinicวิจัย', 3, 8, 'HP Laserjet p1102', '2013-05-28', '2018-05-28', 7700, '0000-00-00', 'ซื้อใหม่'),
(490, 'ms7440-001-0007/370', 'wardหญิง', 3, 13, 'Samsung SCX3405fw', '2013-06-26', '2018-06-26', 3500, '0000-00-00', 'ซื้อใหม่'),
(491, 'ms7440-001-0007/369', 'wardชาย', 3, 14, 'Hp Laserjet P1102', '2013-06-26', '2018-06-26', 8000, '0000-00-00', 'ทดแทน'),
(492, 'ms7440-001-0007/330', 'โสตทัศนศึกษา', 3, 26, 'Samsung clp670nd (Laserjet Color)', '2011-10-26', '2018-10-26', 3500, '0000-00-00', 'ทดแทน'),
(493, 'ms7440-001-0007/232', 'ER', 12, 2, 'Zebra LP-2844', '2009-10-16', '2014-10-16', 3500, '0000-00-00', 'ซื้อใหม่'),
(494, 'ms7440-001-0007/299', 'ER', 12, 2, 'Zebra LP-2844', '2010-08-12', '2015-08-12', 3600, '0000-00-00', 'ซื้อใหม่'),
(495, 'ms7440-001-0007/306', 'Wardชาย', 10, 13, 'Zebra LP-2844', '2011-02-21', '2016-02-21', 3500, '0000-00-00', 'ซื้อใหม่'),
(496, 'ms7440-001-0007/390', 'ER-Refer', 3, 2, 'HP Laserjet P1102', '2014-08-10', '2019-08-10', 3500, '0000-00-00', 'จังหวัดให้มา'),
(497, 'ms-7440-001-0007/111', 'ทันตกรรม', 5, 12, 'UPS Syndome 750 VA', '2005-08-18', '2010-08-18', 2100, '0000-00-00', '-'),
(498, 'ms7440-001-0007/116', 'wardหญิง', 5, 14, 'UPS Syndome 750 VA', '2005-08-18', '2010-08-18', 2100, '0000-00-00', '-'),
(499, 'ms7440-001-0007/141', 'Pharm', 5, 3, 'UPS ยี่ห้อ Gold series syndome', '2006-03-27', '2011-03-27', 2500, '0000-00-00', '-'),
(500, 'ms7440-001-0007/156', 'Serverห้องบัตร', 5, 25, 'APS', '2007-05-20', '0000-00-00', 4100, '0000-00-00', '-');

-- --------------------------------------------------------

--
-- Table structure for table `faculty`
--

CREATE TABLE IF NOT EXISTS `faculty` (
  `faculty_id` int(10) NOT NULL AUTO_INCREMENT COMMENT 'รหัสคณะวิชา',
  `faculty_name` varchar(255) NOT NULL COMMENT 'ชื่อคณะวิชา',
  PRIMARY KEY (`faculty_id`)
) ENGINE=InnoDB  DEFAULT CHARSET=utf8 COMMENT='คณะวืชา' AUTO_INCREMENT=6 ;

--
-- Dumping data for table `faculty`
--

INSERT INTO `faculty` (`faculty_id`, `faculty_name`) VALUES
(1, 'คอมพิวเตอร์ธุรกิจ'),
(2, 'วิทยาการคอมพิวเตอร์'),
(3, 'วิศวกรรมคอมพิวเตอร์'),
(4, 'เทคโนโลยีอุตสาหกรรม'),
(5, 'เทคโนโลยีสารสนเทศ');

-- --------------------------------------------------------

--
-- Table structure for table `ivtmaterials`
--

CREATE TABLE IF NOT EXISTS `ivtmaterials` (
  `ivt_id` int(11) NOT NULL AUTO_INCREMENT COMMENT 'รหัสอุปกรณ์',
  `material_id` int(11) NOT NULL COMMENT 'ชื่อวัสดุ',
  `price` int(11) NOT NULL COMMENT 'ราคา',
  `amount` int(11) NOT NULL COMMENT 'จำนวน',
  `unit_id` int(5) NOT NULL COMMENT 'ชื่อหน่วย',
  `reg_date` date NOT NULL COMMENT 'วันที่ซื้อ',
  `store_id` int(3) NOT NULL COMMENT 'ชื่อร้านค้า',
  `category_id` int(5) NOT NULL COMMENT 'ประเภทวัสดุ',
  PRIMARY KEY (`ivt_id`)
) ENGINE=InnoDB  DEFAULT CHARSET=utf8 AUTO_INCREMENT=6 ;

--
-- Dumping data for table `ivtmaterials`
--

INSERT INTO `ivtmaterials` (`ivt_id`, `material_id`, `price`, `amount`, `unit_id`, `reg_date`, `store_id`, `category_id`) VALUES
(3, 1, 2300, 2, 0, '2015-08-02', 1, 16),
(4, 1, 2400, 2, 0, '2015-08-02', 1, 16),
(5, 1, 2400, 2, 3, '2015-08-02', 1, 16);

-- --------------------------------------------------------

--
-- Table structure for table `materials`
--

CREATE TABLE IF NOT EXISTS `materials` (
  `material_id` int(11) NOT NULL AUTO_INCREMENT COMMENT 'รหัสวัสดุ',
  `material_name` varchar(100) NOT NULL COMMENT 'ชื่อวัสดุ',
  PRIMARY KEY (`material_id`),
  KEY `matrerial_name` (`material_name`)
) ENGINE=InnoDB  DEFAULT CHARSET=utf8 AUTO_INCREMENT=41 ;

--
-- Dumping data for table `materials`
--

INSERT INTO `materials` (`material_id`, `material_name`) VALUES
(27, 'Adaptor 20 v. 3.25A'),
(20, 'Battery 12v.5ah'),
(19, 'Battery 12v.7ah'),
(40, 'Brother TN:2280'),
(24, 'Harddisk 1 TB_SATA(Notebook)'),
(23, 'Harddisk 1 TB_SATA(PC)'),
(22, 'Harddisk 500 GB(Notebook)'),
(21, 'Harddisk 500 GB(PC)'),
(26, 'Harddisk 500GB_IDE(Notebook)'),
(25, 'Harddisk 500GB_IDE(PC)'),
(3, 'Keyboard USB Oker,MD-Tech'),
(4, 'Mouse USB Oker, MD-Tech'),
(10, 'PowerSupply'),
(11, 'RAM DDR2 (Notebook)'),
(12, 'RAM DDR2 (PC)'),
(13, 'RAM DDR3 (Notebook)'),
(14, 'RAM DDR3 (PC)'),
(39, 'Samsung  Mltd'),
(30, 'Swith 16 Port'),
(35, 'Toner12A'),
(36, 'Toner15A'),
(37, 'Toner35A'),
(38, 'Toner85A'),
(5, 'การ์ด Reader'),
(16, 'คีมเข้าหัวRJ45'),
(18, 'ถ่านBios'),
(6, 'ปากกาเขียน CD'),
(9, 'สายLAN'),
(7, 'สายPortUSBสำหรับต่อHandy Drive'),
(32, 'หมึกcanon pq-810(ดำ)'),
(31, 'หมึกcanon pq-811(สี)'),
(34, 'หมึกเติม EpsonT6641BK'),
(33, 'หมึกเติมCanon'),
(15, 'หัวRJ45'),
(28, 'หัวต่อLAN 1:1'),
(8, 'หูฟัง'),
(2, 'แผ่นCD-R 700 MB'),
(1, 'แผ่นDVD-R 4.7 GB '),
(17, 'ไขควงหลายหัว');

-- --------------------------------------------------------

--
-- Table structure for table `migration`
--

CREATE TABLE IF NOT EXISTS `migration` (
  `version` varchar(180) NOT NULL,
  `apply_time` int(11) DEFAULT NULL,
  PRIMARY KEY (`version`)
) ENGINE=InnoDB DEFAULT CHARSET=utf8;

--
-- Dumping data for table `migration`
--

INSERT INTO `migration` (`version`, `apply_time`) VALUES
('m000000_000000_base', 1444434268),
('m130524_201442_init', 1444434271);

-- --------------------------------------------------------

--
-- Table structure for table `serviceout`
--

CREATE TABLE IF NOT EXISTS `serviceout` (
  `id` int(5) NOT NULL AUTO_INCREMENT COMMENT 'รหัส',
  `device_id` int(5) NOT NULL COMMENT 'ชื่ออุปกรณ์',
  `dep_id` int(3) unsigned zerofill NOT NULL COMMENT 'ชื่อแผนก',
  `category_id` int(5) NOT NULL COMMENT 'ชื่อประเภท',
  `symptom` varchar(255) NOT NULL COMMENT 'อาการ',
  `date_sent` date NOT NULL COMMENT 'วันที่ส่งออก',
  `date_in` date DEFAULT NULL COMMENT 'วันที่รับมา',
  `price` varchar(255) DEFAULT NULL COMMENT 'ราคาซ่อม',
  `orther` varchar(255) DEFAULT NULL COMMENT 'สิ่งที่ซ่อม',
  `store_id` int(3) NOT NULL COMMENT 'ร้านค้่',
  PRIMARY KEY (`id`,`device_id`,`dep_id`,`category_id`,`store_id`),
  KEY `fk_serviceout_devices1_idx` (`device_id`,`dep_id`,`category_id`),
  KEY `fk_serviceout_store1_idx` (`store_id`)
) ENGINE=InnoDB  DEFAULT CHARSET=utf8 COMMENT='ส่งซ่อมภายนอก' AUTO_INCREMENT=21 ;

--
-- Dumping data for table `serviceout`
--

INSERT INTO `serviceout` (`id`, `device_id`, `dep_id`, `category_id`, `symptom`, `date_sent`, `date_in`, `price`, `orther`, `store_id`) VALUES
(1, 0, 000, 0, 'ชุดแกนด้านหลังแตก', '2014-01-06', '2014-02-18', '1000', 'เปลียนฟิล์มความร้อน', 1),
(2, 0, 000, 0, 'batteryเสื่อม', '2014-03-10', NULL, '', '', 1),
(3, 0, 000, 0, 'Adaptorไฟไม่เข้า', '2014-05-27', '2014-06-25', '500', 'เปลี่ยนAdaptorใหม่', 1),
(4, 0, 000, 0, 'ชุดแกนแตก', '2014-01-06', '2014-02-18', '1000', 'เปลียนฟิล์มความร้อน', 0),
(7, 0, 000, 0, 'หมึกแตกไม่ชัดเจน', '2014-01-06', '2014-02-18', '2000', 'เปลียนฟิล์มความร้อน เปลี่ยนลูกยา', 0),
(10, 0, 000, 0, 'แกนหลังแตก', '2014-05-28', '2014-06-25', '1000', 'เปลี่ยนชุดแกนด้านหลัง', 1),
(11, 0, 000, 0, 'ดูดกระดาษแล้วติด', '2014-06-20', '2014-09-10', '800', 'เปลี่ยนที่ดูดกระดาษ', 1),
(12, 0, 000, 0, 'หน้าจอมืด', '2014-06-20', '2014-09-10', '', 'ซ่อมไม่ได้ต้องเปลี่ยนหน้าจอ 5000บาท', 0),
(14, 0, 000, 0, 'Maimboardชำรุด', '2014-12-21', '2015-03-03', '5000', 'เปลียนMainboard', 1),
(15, 0, 000, 0, 'Maimboardชำรุด', '2014-12-21', NULL, '', '', 0),
(16, 0, 000, 0, 'กระดาษติดตลอด ขึ้นไฟแดง', '2015-02-02', '2015-03-03', '800', 'เปลี่ยนแกนด้านหลัง', 1),
(17, 0, 000, 0, 'กระดาษติดตลอด ขึ้นไฟแดง', '2015-07-16', '2015-08-25', '--', 'ซ่อมไม่ได้', 1),
(18, 0, 000, 0, 'กระดาษติดตลอด ', '2015-07-16', '2015-08-25', '1000', 'เปลี่ยนแกนด้านหลัง', 1),
(19, 0, 000, 0, 'ตัวอักษรเบลอ', '2015-08-05', '2015-08-25', '1000', 'เปลี่ยนแกนด้านหลัง', 1),
(20, 0, 000, 0, 'กระดาษติดที่ดูดกระดาษชำรุด', '2015-08-05', '2015-08-25', '1000', 'เปลี่ยนแกนด้านหลัง', 1);

-- --------------------------------------------------------

--
-- Table structure for table `store`
--

CREATE TABLE IF NOT EXISTS `store` (
  `store_id` int(3) NOT NULL AUTO_INCREMENT COMMENT 'รหัส',
  `store_name` varchar(50) NOT NULL COMMENT 'ชื่อร้าน',
  `address` varchar(200) NOT NULL COMMENT 'ที่อยู่',
  `tel` varchar(10) CHARACTER SET utf16 NOT NULL COMMENT 'เบอร์โทร',
  PRIMARY KEY (`store_id`)
) ENGINE=InnoDB  DEFAULT CHARSET=utf8 AUTO_INCREMENT=3 ;

--
-- Dumping data for table `store`
--

INSERT INTO `store` (`store_id`, `store_name`, `address`, `tel`) VALUES
(1, 'อุบลคอมพิวเตอร์', '58,60,62 ถนน พโลชัย อำเภอเมืองอุบลราชธานี อุบลราชธานี 34000‎ ', '045 261 98'),
(2, 'บริษัท พิกเซอร์(ประเทศไทย)', '1/15 ซ. บุบผาบุรี ถ. นนทรี แขวงช่องนนทรี กรุงเทพมหานคร 10120 ', '02 681 553');

-- --------------------------------------------------------

--
-- Table structure for table `students`
--

CREATE TABLE IF NOT EXISTS `students` (
  `id` int(5) NOT NULL AUTO_INCREMENT COMMENT 'รหัส',
  `stud_id` int(15) NOT NULL COMMENT 'รหัสนักศึกษา',
  `fullname` varchar(255) NOT NULL COMMENT 'ชื่อเต็ม',
  `address` varchar(255) NOT NULL COMMENT 'ที่อยู่',
  `email` varchar(100) NOT NULL COMMENT 'อีเมล์',
  `tel` varchar(20) DEFAULT NULL COMMENT 'เบอร์โทร',
  `faculty_id` int(10) NOT NULL COMMENT 'ชื่อสาขา-คณะ',
  `university_id` int(10) NOT NULL COMMENT 'ชื่อมหาวิทยาลัย',
  `train_at` date NOT NULL COMMENT 'วันทีเข้าฝึก',
  `traint_out` date NOT NULL COMMENT 'วันที่ฝึกเสร็จ',
  PRIMARY KEY (`id`)
) ENGINE=InnoDB  DEFAULT CHARSET=utf8 AUTO_INCREMENT=9 ;

--
-- Dumping data for table `students`
--

INSERT INTO `students` (`id`, `stud_id`, `fullname`, `address`, `email`, `tel`, `faculty_id`, `university_id`, `train_at`, `traint_out`) VALUES
(1, 0, 'นายนำโชค  กิ่งแสง', '105 ม.10 น้อยดอนสวรรค์ ต.หนองเมือง อ.ม่วงสามสิบ จ.อุบลราชธานี', '-', '085-0289768', 4, 2, '2013-03-04', '2013-05-31'),
(3, 0, 'นส.กนกชล  สวัสดิ์สิงห์', 'ต.ในเมือง อ.ในเมือง จ.อุบลราชธานี', '--', '00000', 2, 1, '2012-04-02', '2012-05-30'),
(4, 0, 'นส.กัญญารัตน์ สุบุญ', 'บ้านหนองแต้ ต.ในเมือง อ.ในเมือง จ.อุบลราชธานี', 'kunyarut@hotmail.com', '--', 3, 3, '2012-04-02', '2012-05-30'),
(5, 0, 'นส.ธารทิพย์ พิณโท', '2 หมู่ 5 ต.ม่วงสามสิบ อ.ม่วงสามสิบ จ.อุบลราชธานี', 'tantip@gmail.com', '--', 1, 2, '2013-03-05', '2013-05-16'),
(6, 2147483647, 'นายพงศกร  พรชัย', '237 หมู่ 1 ต.ม่วงสามสิบ อ.ม่วงสามสิบ จ.อุบลราชธานี', 'patchara@gmail.com', '087-3577012', 2, 2, '2015-06-02', '2015-09-04'),
(7, 2147483647, 'นายพัชระ  เขื่อนเพชร', '87 หมู่5 ต.ม่วงสามสิบ อ.ม่วงสามสิบ จ.อุบราชธานี', 'pgan@gmail.com', '081-2654471', 4, 1, '2015-06-08', '2015-07-24'),
(8, 0, 'test', 'cxxxx', 'gan@hotmail.com', '22632666', 1, 3, '2015-06-02', '2015-09-04');

-- --------------------------------------------------------

--
-- Table structure for table `units`
--

CREATE TABLE IF NOT EXISTS `units` (
  `unit_id` int(5) NOT NULL AUTO_INCREMENT COMMENT 'รหัสหน่วย',
  `unit_name` varchar(50) NOT NULL COMMENT 'ชื่อหน่วย',
  PRIMARY KEY (`unit_id`),
  UNIQUE KEY `unit_name` (`unit_name`)
) ENGINE=InnoDB  DEFAULT CHARSET=utf8 AUTO_INCREMENT=14 ;

--
-- Dumping data for table `units`
--

INSERT INTO `units` (`unit_id`, `unit_name`) VALUES
(1, 'กล่อง'),
(4, 'ขวด'),
(8, 'ชุด'),
(11, 'ด้าม'),
(2, 'ตลับ'),
(6, 'ลูก'),
(3, 'หลอด'),
(10, 'ห่อ'),
(5, 'อัน'),
(13, 'เส้น'),
(7, 'แผ่น'),
(9, 'ใบ');

-- --------------------------------------------------------

--
-- Table structure for table `university`
--

CREATE TABLE IF NOT EXISTS `university` (
  `university_id` int(10) NOT NULL AUTO_INCREMENT COMMENT 'รหัสวิทยาลัย',
  `university_name` varchar(255) NOT NULL COMMENT 'ชื่อมหาวิทยาลัย',
  PRIMARY KEY (`university_id`)
) ENGINE=InnoDB  DEFAULT CHARSET=utf8 AUTO_INCREMENT=4 ;

--
-- Dumping data for table `university`
--

INSERT INTO `university` (`university_id`, `university_name`) VALUES
(1, 'มหาวิทยาลัยอุบลราชธานี'),
(2, 'มหาวิทยาลัยราชภัฏอุบลราชธานี'),
(3, 'มหาวิทยาลัยการจัดการและเทคโนโลยีอีสเทิร์น');

-- --------------------------------------------------------

--
-- Table structure for table `user`
--

CREATE TABLE IF NOT EXISTS `user` (
  `id` int(11) NOT NULL AUTO_INCREMENT,
  `username` varchar(255) COLLATE utf8_unicode_ci NOT NULL,
  `auth_key` varchar(32) COLLATE utf8_unicode_ci NOT NULL,
  `password_hash` varchar(255) COLLATE utf8_unicode_ci NOT NULL,
  `password_reset_token` varchar(255) COLLATE utf8_unicode_ci DEFAULT NULL,
  `email` varchar(255) COLLATE utf8_unicode_ci NOT NULL,
  `status` smallint(6) NOT NULL DEFAULT '10',
  `created_at` int(11) NOT NULL,
  `updated_at` int(11) NOT NULL,
  PRIMARY KEY (`id`),
  UNIQUE KEY `username` (`username`),
  UNIQUE KEY `email` (`email`),
  UNIQUE KEY `password_reset_token` (`password_reset_token`)
) ENGINE=InnoDB  DEFAULT CHARSET=utf8 COLLATE=utf8_unicode_ci AUTO_INCREMENT=3 ;

--
-- Dumping data for table `user`
--

INSERT INTO `user` (`id`, `username`, `auth_key`, `password_hash`, `password_reset_token`, `email`, `status`, `created_at`, `updated_at`) VALUES
(1, 'admin', 'm3SdhwCZ5SrowcnXjNf7W8B9bawYcSJe', '$2y$13$GjYn8FBvQTta6HMR0II8Iu7nYOQFUWrTtU8wmJV/71Mnq2AT7eANm', NULL, 'admin@hotmail.com', 10, 1444434549, 1444434549),
(2, 'pgan', 'DYN8G1EhjlvcQTSDJaYCRrtDXS9BYs8z', '$2y$13$xYSLyOYc2/C42IWMH3J2tObwNojAvlCr5YQVxUN6KcKQrwBwd1AoC', NULL, 'pgan@hotmail.com', 10, 1444434569, 1444434569);

/*!40101 SET CHARACTER_SET_CLIENT=@OLD_CHARACTER_SET_CLIENT */;
/*!40101 SET CHARACTER_SET_RESULTS=@OLD_CHARACTER_SET_RESULTS */;
/*!40101 SET COLLATION_CONNECTION=@OLD_COLLATION_CONNECTION */;
